STATION,ENTRIES,EXITS,diffEntries,diffExits,machine_change,counterReset,TotalVol
34 ST-PENN STA,488881015020,287627882120,4206635.0,3584248.0,100.0,0.0,7790883.0
GRD CNTRL-42 ST,744724963097,146796271108,3584257.0,3203623.0,61.0,0.0,6787880.0
34 ST-HERALD SQ,563482244287,596750042788,3026299.0,2719583.0,54.0,0.0,5745882.0
23 ST,1111704579992,1034681559184,2922280.0,2239758.0,71.0,0.0,5162038.0
86 ST,394240269476,430100768929,2819901.0,2316859.0,52.0,0.0,5136760.0
14 ST-UNION SQ,239944636667,85311655366,2759008.0,2377425.0,38.0,0.0,5136433.0
TIMES SQ-42 ST,996041663330,783001352398,2437459.0,2271201.0,50.0,0.0,4708660.0
42 ST-PORT AUTH,1331069954413,1070436121683,2373190.0,1804970.0,51.0,0.0,4178160.0
FULTON ST,681257714035,716552976737,1975340.0,1646421.0,96.0,0.0,3621761.0
59 ST,219722346169,160411781891,2034722.0,1563881.0,53.0,0.0,3598603.0
125 ST,1176230513723,668521913609,1949865.0,1607660.0,43.0,0.0,3557525.0
59 ST COLUMBUS,567148885926,496746064388,1940742.0,1489819.0,41.0,0.0,3430561.0
96 ST,133463825976,239594572257,1929079.0,1286849.0,37.0,0.0,3215928.0
CANAL ST,812722883098,568319045882,1777378.0,1360243.0,58.0,0.0,3137621.0
CHAMBERS ST,630746244506,688341979209,1780025.0,1158083.0,54.0,0.0,2938108.0
14 ST,306370186244,287405232321,1576798.0,1331791.0,43.0,0.0,2908589.0
47-50 STS ROCK,350872163363,346422876281,1419825.0,1474340.0,36.0,0.0,2894165.0
FLUSHING-MAIN,32043126805,32239007920,1556444.0,1241369.0,27.0,0.0,2797813.0
72 ST,486479372196,495763311658,1332604.0,1120278.0,25.0,0.0,2452882.0
28 ST,270514360108,370396202879,1268782.0,1168521.0,37.0,0.0,2437303.0
JKSN HT-ROOSVLT,21853733451,16293097472,1317413.0,968043.0,22.0,0.0,2285456.0
50 ST,25157574190,22439979096,1272829.0,984425.0,36.0,0.0,2257254.0
W 4 ST-WASH SQ,141430866025,151138506679,1146148.0,1087478.0,19.0,0.0,2233626.0
WALL ST,109893944939,64151806881,1159578.0,1003801.0,50.0,0.0,2163379.0
ATL AV-BARCLAY,55222527288,42162834677,1113246.0,1020524.0,48.0,0.0,2133770.0
42 ST-BRYANT PK,327514416444,239707227312,991750.0,969234.0,21.0,0.0,1960984.0
LEXINGTON AV/53,269080637523,551701180791,885153.0,989728.0,32.0,0.0,1874881.0
77 ST,43182142779,16359279010,1034038.0,838562.0,19.0,0.0,1872600.0
JAMAICA CENTER,230776891961,12236120435,1000995.0,834736.0,21.0,0.0,1835731.0
145 ST,250335187372,354170333562,985871.0,801362.0,19.0,0.0,1787233.0
8 AV,34274371066,15985260955,1061633.0,708792.0,18.0,0.0,1770425.0
JAY ST-METROTEC,92075463011,13003680528,1110566.0,606673.0,36.0,0.0,1717239.0
7 AV,620654076856,181185011422,959529.0,743093.0,23.0,0.0,1702622.0
CHURCH AV,57599386473,24742652549,989858.0,687738.0,37.0,0.0,1677596.0
BEDFORD AV,181532893484,274248972829,756775.0,861795.0,13.0,0.0,1618570.0
BOROUGH HALL,39824796313,14347898134,921133.0,596100.0,27.0,0.0,1517233.0
PATH WTC,2940637620,2438820677,889394.0,593234.0,27.0,0.0,1482628.0
BOWLING GREEN,342782077081,294405257719,778546.0,689942.0,29.0,0.0,1468488.0
116 ST,288129306997,348630664475,952916.0,472831.0,22.0,0.0,1425747.0
68ST-HUNTER CO,19948001307,16797702725,842189.0,541359.0,14.0,0.0,1383548.0
33 ST,58976487427,23541320106,776539.0,605691.0,22.0,0.0,1382230.0
B'WAY-LAFAYETTE,18595234832,15442958261,597236.0,770336.0,20.0,0.0,1367572.0
GRAND ST,52324497754,249808272517,786406.0,577442.0,14.0,0.0,1363848.0
KEW GARDENS,15110205290,13054258017,663436.0,667033.0,20.0,0.0,1330469.0
KINGS HWY,145821027741,219390313327,638294.0,601380.0,27.0,0.0,1239674.0
DELANCEY/ESSEX,285927747511,185754262449,701266.0,529072.0,19.0,0.0,1230338.0
49 ST,45311648323,246375636859,656656.0,563343.0,22.0,0.0,1219999.0
66 ST-LINCOLN,52466260282,25775367414,633922.0,553108.0,23.0,0.0,1187030.0
CROWN HTS-UTICA,34860989140,12529142908,697122.0,489767.0,18.0,0.0,1186889.0
161/YANKEE STAD,340165821997,223625960835,757089.0,425635.0,37.0,0.0,1182724.0
5 AV/53 ST,14548760387,15655391935,558638.0,609926.0,21.0,0.0,1168564.0
1 AV,269407461798,598735092121,643676.0,523423.0,10.0,0.0,1167099.0
103 ST,25083368585,102589311619,736002.0,383973.0,15.0,0.0,1119975.0
SUTPHIN-ARCHER,26351439459,13363370066,633736.0,484087.0,13.0,0.0,1117823.0
51 ST,89648386726,72927266761,539516.0,572403.0,23.0,0.0,1111919.0
181 ST,31720643527,47719899937,579269.0,522496.0,11.0,0.0,1101765.0
168 ST,23757644999,10545890982,637090.0,453470.0,20.0,0.0,1090560.0
DEKALB AV,13129445346,8490021922,776923.0,297890.0,20.0,0.0,1074813.0
FOREST HILLS 71,153735719153,108896848004,706689.0,357742.0,23.0,0.0,1064431.0
WOODHAVEN BLVD,30031345646,17484074881,682519.0,377429.0,19.0,0.0,1059948.0
JUNCTION BLVD,8214101299,10268806398,572072.0,463152.0,12.0,0.0,1035224.0
NOSTRAND AV,12709167213,11467054582,593761.0,434969.0,10.0,0.0,1028730.0
SPRING ST,64921008542,21661393401,600519.0,390573.0,14.0,0.0,991092.0
THIRTY THIRD ST,1422794546,1168020792,560550.0,420742.0,17.0,0.0,981292.0
BROOKLYN BRIDGE,499011157449,299744266196,497019.0,454538.0,17.0,0.0,951557.0
GROVE STREET,981939898,1061103998,468114.0,469608.0,19.0,0.0,937722.0
PARKCHESTER,15161575500,7368542400,459205.0,471262.0,12.0,0.0,930467.0
2 AV,19846913101,12993510216,469956.0,453555.0,10.0,0.0,923511.0
PAVONIA/NEWPORT,1364218807,1178970569,448644.0,460301.0,11.0,0.0,908945.0
61 ST WOODSIDE,10587041086,9795666967,441732.0,462859.0,12.0,0.0,904591.0
103 ST-CORONA,11032113621,10529908092,517351.0,378553.0,9.0,0.0,895904.0
BAY PKWY,26164493674,9205613885,517806.0,367192.0,14.0,0.0,884998.0
167 ST,310025306238,150731958790,522301.0,361457.0,12.0,0.0,883758.0
82 ST-JACKSON H,4041451916,2766686034,405860.0,474997.0,10.0,0.0,880857.0
79 ST,33178553388,7118611721,603510.0,268503.0,14.0,0.0,872013.0
JOURNAL SQUARE,1140908703,681083436,511642.0,347820.0,17.0,0.0,859462.0
MYRTLE-WYCKOFF,293350485053,100584834551,532360.0,325823.0,13.0,0.0,858183.0
ASTOR PL,5139746923,4195863667,413776.0,441871.0,12.0,0.0,855647.0
CATHEDRAL PKWY,21196909465,9211230760,549245.0,297639.0,15.0,0.0,846884.0
3 AV-149 ST,349481812988,223645754261,593110.0,240084.0,15.0,0.0,833194.0
ASTORIA DITMARS,4318360345,4319875798,439731.0,382136.0,8.0,0.0,821867.0
57 ST-7 AV,1238021517150,1074078621210,579953.0,240375.0,14.0,0.0,820328.0
FORDHAM RD,27291857289,7024070447,619012.0,198637.0,16.0,0.0,817649.0
WHITEHALL S-FRY,47599395732,11211332722,416570.0,392117.0,15.0,0.0,808687.0
BROADWAY,11672756935,5685625820,460119.0,337687.0,9.0,0.0,797806.0
FRANKLIN AV,296411452129,487468241694,430481.0,366812.0,17.0,0.0,797293.0
PRINCE ST,10179787636,7209001298,402023.0,392414.0,10.0,0.0,794437.0
5 AV/59 ST,29848510831,7400241744,468228.0,323247.0,14.0,0.0,791475.0
36 ST,26485037630,5787562000,479751.0,309551.0,16.0,0.0,789302.0
135 ST,40641709274,7817122199,554769.0,234366.0,23.0,0.0,789135.0
JAMAICA 179 ST,246605187603,64992909267,547286.0,231255.0,25.0,0.0,778541.0
CITY / BUS,1416707000,1123297653,386871.0,387973.0,21.0,0.0,774844.0
CHRISTOPHER ST,323280512059,124722078026,393284.0,369400.0,10.0,0.0,762684.0
KINGSBRIDGE RD,9631144144,6805654651,464497.0,293432.0,17.0,0.0,757929.0
FLATBUSH AV-B.C,497542668832,364516969622,485356.0,272194.0,20.0,0.0,757550.0
8 ST-NYU,34223631225,7964362360,451126.0,304154.0,12.0,0.0,755280.0
EXCHANGE PLACE,1027491287,1076283115,372566.0,356911.0,26.0,0.0,729477.0
57 ST,33005976747,8896674007,386317.0,341802.0,12.0,0.0,728119.0
CONEY IS-STILLW,6963176719,6462012652,399425.0,328549.0,20.0,0.0,727974.0
UTICA AV,15539486276,8467861448,416928.0,308369.0,13.0,0.0,725297.0
LEXINGTON AV/63,299968112643,11630809513,358328.0,356986.0,9.0,0.0,715314.0
137 ST CITY COL,110616268936,153151061199,409208.0,292375.0,10.0,0.0,701583.0
170 ST,192266570506,393193331308,433071.0,268010.0,14.0,0.0,701081.0
VERNON-JACKSON,5620129720,3798072939,403250.0,295485.0,13.0,0.0,698735.0
30 AV,5514651280,5963539321,382900.0,302170.0,6.0,0.0,685070.0
111 ST,18808145329,9865363075,424038.0,252330.0,16.0,0.0,676368.0
GRAND-NEWTOWN,13443039558,170647793952,416971.0,257083.0,12.0,0.0,674054.0
SHEEPSHEAD BAY,6906443657,6235924754,356913.0,316040.0,9.0,0.0,672953.0
90 ST-ELMHURST,11152836128,5886791202,435920.0,223078.0,9.0,0.0,658998.0
110 ST,4589536667,4740321118,367971.0,285362.0,6.0,0.0,653333.0
STEINWAY ST,7866163869,5954801954,374015.0,277657.0,9.0,0.0,651672.0
81 ST-MUSEUM,8451253997,7255331089,365546.0,283314.0,10.0,0.0,648860.0
COURT SQ,61993268088,3791566762,362673.0,280551.0,22.0,0.0,643224.0
HALSEY ST,19894401952,9732791492,418105.0,216943.0,11.0,0.0,635048.0
46 ST BLISS ST,8925000646,6145279238,358753.0,271529.0,12.0,0.0,630282.0
BERGEN ST,8980941476,5921476220,369081.0,253375.0,21.0,0.0,622456.0
SOUTH FERRY,5906944354,5188396680,280008.0,337126.0,15.0,0.0,617134.0
MARCY AV,28037929789,81518596250,346140.0,251958.0,15.0,0.0,598098.0
ROCKAWAY AV,131573016587,9499213337,329604.0,268483.0,13.0,0.0,598087.0
HOUSTON ST,16389830235,14096200369,352351.0,236144.0,16.0,0.0,588495.0
RECTOR ST,55908199308,10732983505,370904.0,217373.0,20.0,0.0,588277.0
EAST BROADWAY,23961883494,6533223930,389574.0,196360.0,11.0,0.0,585934.0
149/GRAND CONC,91405584692,34994591716,371438.0,212908.0,7.0,0.0,584346.0
5 AVE,53985148736,50289239339,309974.0,268284.0,10.0,0.0,578258.0
BEDFORD PK BLVD,26041564223,3779957324,345914.0,231839.0,12.0,0.0,577753.0
WORLD TRADE CTR,6127365224,3248913454,382415.0,194545.0,11.0,0.0,576960.0
63 DR-REGO PARK,24168737996,2582951023,414783.0,162005.0,15.0,0.0,576788.0
METROPOLITAN AV,35407123334,9117194721,341888.0,231589.0,14.0,0.0,573477.0
GUN HILL RD,4406653677,2635360395,327244.0,242897.0,10.0,0.0,570141.0
BRIGHTON BEACH,12986054063,11732466217,341849.0,210240.0,14.0,0.0,552089.0
BAY RIDGE AV,54114542559,5546286910,366621.0,179128.0,15.0,0.0,545749.0
BLEECKER ST,4540853732,1697730807,399350.0,146120.0,9.0,0.0,545470.0
18 AV,301799684740,149873419737,317133.0,227253.0,13.0,0.0,544386.0
33 ST-RAWSON ST,24671529226,5105694832,318730.0,223538.0,10.0,0.0,542268.0
116 ST-COLUMBIA,208319296682,44149494393,356101.0,181934.0,6.0,0.0,538035.0
NEWKIRK PLAZA,8232389544,7825260414,279058.0,257101.0,5.0,0.0,536159.0
ASTORIA BLVD,8343892061,4872197108,311470.0,223073.0,7.0,0.0,534543.0
THIRTY ST,1074678279,983463315,236203.0,295669.0,17.0,0.0,531872.0
PROSPECT PARK,6136270516,5709248010,275968.0,247457.0,8.0,0.0,523425.0
175 ST,25301212987,3324105178,340992.0,178263.0,16.0,0.0,519255.0
FT HAMILTON PKY,48751173197,14318858190,300876.0,215997.0,17.0,0.0,516873.0
PROSPECT AV,9062741003,5636089800,345937.0,168927.0,12.0,0.0,514864.0
40 ST LOWERY ST,9013331824,6934384085,271955.0,240538.0,6.0,0.0,512493.0
BROADWAY JCT,8921043656,8449238607,274934.0,237420.0,7.0,0.0,512354.0
QUEENS PLAZA,15025387748,6761129586,266162.0,227375.0,24.0,0.0,493537.0
NEVINS ST,4974017521,4946859886,256515.0,236183.0,10.0,0.0,492698.0
TWENTY THIRD ST,615474764,366102627,219544.0,267150.0,9.0,0.0,486694.0
MYRTLE AV,6266060097,5683535987,304806.0,175434.0,4.0,0.0,480240.0
14TH STREET,881254142,195623705,244977.0,232460.0,11.0,0.0,477437.0
CENTRAL PK N110,134971087259,133952116597,263921.0,212098.0,6.0,0.0,476019.0
HOYT-SCHER,5516057411,5588958332,253103.0,222604.0,5.0,0.0,475707.0
PELHAM PKWY,20115356059,1995140568,324906.0,148875.0,12.0,0.0,473781.0
HUNTS POINT AV,4845798175,2961650001,264545.0,204602.0,10.0,0.0,469147.0
DYCKMAN ST,5601522278,1615397665,366757.0,99517.0,9.0,0.0,466274.0
34 ST-HUDSON YD,524899528,392643885,208684.0,256582.0,18.0,0.0,465266.0
HIGH ST,5493177121,6347979062,218916.0,245725.0,6.0,0.0,464641.0
JFK JAMAICA CT1,102352210,100310619,232197.0,231288.0,10.0,0.0,463485.0
VAN SICLEN AV,4976009390,3520218152,232321.0,230906.0,7.0,0.0,463227.0
CORTLANDT ST,468273798817,165241024156,267188.0,194120.0,30.0,0.0,461308.0
NEWARK HM HE,100468144,1765483908,71156.0,389909.0,16.0,0.0,461065.0
YORK ST,5574326020,5072858687,272885.0,183602.0,3.0,0.0,456487.0
BURNSIDE AV,3024372982,2196159037,295817.0,156430.0,5.0,0.0,452247.0
FLUSHING AV,31085847678,6450191273,306840.0,144069.0,13.0,0.0,450909.0
GRAHAM AV,5127365720,3263201566,269766.0,171192.0,6.0,0.0,440958.0
AVENUE U,56466362149,9144689203,292855.0,144918.0,13.0,0.0,437773.0
21 ST-QNSBRIDGE,5811743511,5393973837,245667.0,189402.0,6.0,0.0,435069.0
157 ST,5619986634,3725727569,261749.0,165423.0,8.0,0.0,427172.0
METS-WILLETS PT,7819383870,1663270179,203649.0,222579.0,36.0,0.0,426228.0
QUEENSBORO PLZ,6435859840,2290740359,325044.0,100788.0,6.0,0.0,425832.0
INWOOD-207 ST,66272339610,4922852544,283318.0,136367.0,11.0,0.0,419685.0
TREMONT AV,24192309263,2136571454,258385.0,159889.0,9.0,0.0,418274.0
CLINTON-WASH AV,133278600212,214737031334,278679.0,139594.0,19.0,0.0,418273.0
191 ST,1648840242,2105297043,199518.0,216869.0,4.0,0.0,416387.0
46 ST,7246156124,5308980120,229742.0,186158.0,15.0,0.0,415900.0
169 ST,4304246879,4559956159,228986.0,184843.0,15.0,0.0,413829.0
LACKAWANNA,384048132,578078332,189623.0,221330.0,22.0,0.0,410953.0
ELMHURST AV,115140194947,287543733616,330309.0,76206.0,11.0,0.0,406515.0
4AV-9 ST,5291585374,2985966533,241236.0,165001.0,11.0,0.0,406237.0
GREENPOINT AV,2731473108,1707867579,236896.0,167491.0,10.0,0.0,404387.0
HARRISON,471964257,627478726,195090.0,202514.0,13.0,0.0,397604.0
LORIMER ST,3651551094,1859641482,295394.0,100193.0,10.0,0.0,395587.0
CARROLL ST,7537365333,4436857212,278268.0,114810.0,11.0,0.0,393078.0
CANARSIE-ROCKAW,20532553036,3553802177,313145.0,78110.0,9.0,0.0,391255.0
3 AV,3121355652,3388672929,197114.0,193704.0,6.0,0.0,390818.0
NORWOOD 205 ST,4270152845,3663493095,225656.0,161175.0,8.0,0.0,386831.0
18 ST,37831126773,126593983457,216357.0,163456.0,8.0,0.0,379813.0
E 180 ST,4768959878,3842118402,209870.0,168392.0,6.0,0.0,378262.0
OZONE PK LEFFRT,3731734434,3558641811,194582.0,170228.0,8.0,0.0,364810.0
HOYT ST,2526476933,2385299860,193583.0,166864.0,12.0,0.0,360447.0
SUTTER AV-RUTLD,4646604582,2707407612,228795.0,121207.0,3.0,0.0,350002.0
3 AV 138 ST,3082846370,2609994471,204393.0,143858.0,4.0,0.0,348251.0
WEST FARMS SQ,76375634114,12768767706,203291.0,144805.0,9.0,0.0,348096.0
BEDFORD-NOSTRAN,35043166034,4341659193,220403.0,125261.0,6.0,0.0,345664.0
67 AV,6748548751,4524751874,227873.0,114182.0,10.0,0.0,342055.0
NASSAU ST,15367051846,2698803645,227202.0,110606.0,9.0,0.0,337808.0
52 ST,25389581409,6369072185,170145.0,166239.0,6.0,0.0,336384.0
36 AV,5068745017,4707285641,191755.0,144417.0,4.0,0.0,336172.0
NORTHERN BLVD,3967536753,3983998160,185742.0,148544.0,9.0,0.0,334286.0
ELDER AV,28851049949,2553476620,171552.0,156569.0,6.0,0.0,328121.0
ST. GEORGE,5824258507,16289613,324698.0,3318.0,26.0,0.0,328016.0
EUCLID AV,258022907908,26657938860,247098.0,79316.0,8.0,0.0,326414.0
PARSONS BLVD,3833000065,3997301381,170159.0,152287.0,11.0,0.0,322446.0
NEWKIRK AV,6759013990,3293745368,195611.0,123205.0,9.0,0.0,318816.0
ROOSEVELT ISLND,1410264519,2346771983,167223.0,149964.0,6.0,0.0,317187.0
NEWARK BM BW,1319132227,68773402,300345.0,13250.0,16.0,0.0,313595.0
MORISN AV/SNDVW,1517506263,1077632735,169959.0,143177.0,6.0,0.0,313136.0
MOSHOLU PKWY,5070584265,2388831810,232448.0,74134.0,9.0,0.0,306582.0
GRANT AV,5413718457,4446636023,171922.0,134497.0,4.0,0.0,306419.0
MONTROSE AV,23808140996,1113104682,191546.0,109772.0,3.0,0.0,301318.0
FRESH POND RD,4256866108,2411332350,149705.0,150701.0,8.0,0.0,300406.0
BROOK AV,3498092255,3960208055,160392.0,139113.0,7.0,0.0,299505.0
174 ST,119665745058,53282874969,159597.0,136568.0,6.0,0.0,296165.0
HUNTERS PT AV,103622905744,103477085510,158227.0,134670.0,10.0,0.0,292897.0
KINGSTON-THROOP,3099235466,3276560720,163579.0,128957.0,6.0,0.0,292536.0
SIMPSON ST,6407724065,1758235417,248585.0,43368.0,10.0,0.0,291953.0
155 ST,5299310423,4034462694,178572.0,110275.0,8.0,0.0,288847.0
PATH WTC 2,43772804,485471907,16412.0,270291.0,1.0,0.0,286703.0
MORGAN AV,3077871679,2360825366,203127.0,83404.0,6.0,0.0,286531.0
9 AV,15665374584,7125802367,139143.0,146831.0,7.0,0.0,285974.0
CASTLE HILL AV,4991817150,3257922499,148577.0,136427.0,7.0,0.0,285004.0
NEW LOTS AV,5754710642,3630098080,177591.0,106834.0,4.0,0.0,284425.0
WAKEFIELD/241,2793027801,2887925729,139420.0,141643.0,5.0,0.0,281063.0
UNION ST,3429958529,3606563135,157933.0,120417.0,6.0,0.0,278350.0
NEW UTRECHT AV,3365105092,2791217941,150762.0,126959.0,5.0,0.0,277721.0
PARK PLACE,17045957396,6060328117,140491.0,130745.0,9.0,0.0,271236.0
EASTN PKWY-MUSM,4237076354,3739256273,146007.0,124670.0,6.0,0.0,270677.0
CLARK ST,3489425128,3830216100,169865.0,97391.0,4.0,0.0,267256.0
PELHAM BAY PARK,45676707894,10081529333,160730.0,105660.0,9.0,0.0,266390.0
WESTCHESTER SQ,4015171172,3726073639,143256.0,122987.0,3.0,0.0,266243.0
9TH STREET,498614884,397348182,131245.0,133242.0,5.0,0.0,264487.0
SMITH-9 ST,1889614112,1486509936,121480.0,142059.0,6.0,0.0,263539.0
CRESCENT ST,3721969082,4047979045,128940.0,134206.0,3.0,0.0,263146.0
231 ST,26233780974,375152597,228480.0,33568.0,10.0,0.0,262048.0
JEFFERSON ST,3469397233,1828184804,207488.0,50190.0,5.0,0.0,257678.0
COURT SQ-23 ST,3921723521,1928636948,194329.0,62933.0,5.0,0.0,257262.0
GRAND ARMY PLAZ,3475788458,1963674525,184068.0,71535.0,4.0,0.0,255603.0
183 ST,300882851488,313822195278,166165.0,89125.0,4.0,0.0,255290.0
FAR ROCKAWAY,1426731668,1630180008,126876.0,128196.0,7.0,0.0,255072.0
53 ST,4986971878,2618741353,179759.0,74098.0,4.0,0.0,253857.0
MT EDEN AV,2329022084,1714633082,148308.0,105314.0,4.0,0.0,253622.0
NEW LOTS,2085951821,2900841310,133264.0,120273.0,3.0,0.0,253537.0
69 ST,4449571690,3511424387,126283.0,127172.0,8.0,0.0,253455.0
PARKSIDE AV,5757137625,5198436603,147703.0,105385.0,3.0,0.0,253088.0
JAMAICA VAN WK,2590067431,2365285924,125006.0,127636.0,7.0,0.0,252642.0
ROCKAWAY BLVD,46307350601,2039953958,190871.0,59560.0,9.0,0.0,250431.0
WOODLAWN,4671247661,1902501474,199624.0,50268.0,5.0,0.0,249892.0
176 ST,1866661837,1269270480,164204.0,85420.0,4.0,0.0,249624.0
NEWARK HW BMEBE,418629250,434803340,101650.0,145642.0,15.0,0.0,247292.0
FRANKLIN ST,3730093900,2422724372,144596.0,96981.0,8.0,0.0,241577.0
CITY HALL,45100734580,8309255666,161072.0,79880.0,9.0,0.0,240952.0
V.CORTLANDT PK,3912084307,1351427875,169153.0,71584.0,4.0,0.0,240737.0
FREEMAN ST,75065344633,173987576792,128814.0,109853.0,6.0,0.0,238667.0
CLASSON AV,2544720270,2479870457,125154.0,113035.0,3.0,0.0,238189.0
E 149 ST,2956746836,3106140970,124753.0,111789.0,6.0,0.0,236542.0
GATES AV,542390579,208111688,171016.0,64932.0,3.0,0.0,235948.0
AVENUE J,4770532510,3006040531,159054.0,75591.0,13.0,0.0,234645.0
MYRTLE-WILLOUGH,3469045666,2229376773,153514.0,80845.0,7.0,0.0,234359.0
BROAD ST,3470469082,1836580103,170382.0,60985.0,13.0,0.0,231367.0
4 AV-9 ST,4020048715,3965392243,97318.0,133983.0,4.0,0.0,231301.0
KINGSTON AV,5266887951,4516187405,125731.0,102660.0,3.0,0.0,228391.0
HOWARD BCH JFK,1854473647,525654437,132017.0,95331.0,16.0,0.0,227348.0
207 ST,25601660751,1145241172,157233.0,68652.0,6.0,0.0,225885.0
45 ST,51613357569,204681570262,135097.0,88919.0,4.0,0.0,224016.0
15 ST-PROSPECT,19897455505,1215882666,160424.0,61060.0,10.0,0.0,221484.0
CORTELYOU RD,3214116262,1559288410,168981.0,52474.0,3.0,0.0,221455.0
STERLING ST,3888107030,2718088026,143447.0,77891.0,3.0,0.0,221338.0
RALPH AV,3633653630,2856576743,150979.0,69978.0,4.0,0.0,220957.0
74 ST-BROADWAY,2066669553,1833187349,90085.0,127624.0,5.0,0.0,217709.0
AVENUE M,20019650370,1329401082,156917.0,60496.0,10.0,0.0,217413.0
20 AV,5211992844,4733740915,161877.0,55000.0,6.0,0.0,216877.0
71 ST,3743268149,2309538236,154060.0,59531.0,5.0,0.0,213591.0
PRESIDENT ST,2212127883,2503802196,101561.0,111900.0,3.0,0.0,213461.0
WINTHROP ST,5594432189,994424091,173955.0,37323.0,4.0,0.0,211278.0
ST LAWRENCE AV,2096119773,1599118099,106992.0,99322.0,6.0,0.0,206314.0
EASTCHSTER/DYRE,92928201784,93038339632,104805.0,100540.0,5.0,0.0,205345.0
KNICKERBOCKER,1504924871,1356571779,103670.0,101631.0,4.0,0.0,205301.0
HARLEM 148 ST,1555205149,1109676203,105488.0,96116.0,3.0,0.0,201604.0
ALLERTON AV,1416722595,528810108,143816.0,56615.0,3.0,0.0,200431.0
25 AV,752179438,243646785,161159.0,37818.0,3.0,0.0,198977.0
75 ST-ELDERTS,2782155795,2795300522,98057.0,94348.0,5.0,0.0,192405.0
LAFAYETTE AV,3103099372,1614657203,132788.0,58760.0,10.0,0.0,191548.0
NORWOOD AV,1618516358,1800315625,94027.0,94791.0,3.0,0.0,188818.0
174-175 STS,2759992374,1857633287,141042.0,47762.0,9.0,0.0,188804.0
233 ST,16391413038,806727538,142320.0,46388.0,5.0,0.0,188708.0
SUTTER AV,1869219869,2539441992,116639.0,70784.0,2.0,0.0,187423.0
KOSCIUSZKO ST,2401349508,1399375979,134583.0,51561.0,3.0,0.0,186144.0
190 ST,3191919610,1781826804,129377.0,55655.0,3.0,0.0,185032.0
FOREST AVE,1991741559,1856477012,104590.0,79904.0,3.0,0.0,184494.0
EAST 105 ST,3443343551,3157481626,96134.0,87900.0,4.0,0.0,184034.0
BRIARWOOD,2937109979,1504999428,123053.0,60857.0,8.0,0.0,183910.0
SUTPHIN BLVD,3130269818,1689512780,111953.0,68310.0,10.0,0.0,180263.0
CENTRAL AV,776091510,900280841,93936.0,85162.0,4.0,0.0,179098.0
CLEVELAND ST,1146408543,1124905949,90903.0,87618.0,2.0,0.0,178521.0
BOWERY,2181081986,2264023097,99358.0,78904.0,3.0,0.0,178262.0
182-183 STS,4403312409,2570497684,135837.0,42289.0,3.0,0.0,178126.0
JACKSON AV,21758714898,272236552,147012.0,26429.0,5.0,0.0,173441.0
INTERVALE AV,2170910705,1768224881,87864.0,83712.0,3.0,0.0,171576.0
225 ST,1872332534,1095518884,117602.0,50936.0,3.0,0.0,168538.0
CYPRESS AV,1736934262,1624166453,105045.0,62913.0,6.0,0.0,167958.0
LONGWOOD AV,2183742093,2241670604,88626.0,77335.0,6.0,0.0,165961.0
65 ST,2322623169,2259839695,96493.0,68397.0,3.0,0.0,164890.0
MARBLE HILL-225,1360498244,210135919,135516.0,28319.0,5.0,0.0,163835.0
138/GRAND CONC,166414735962,160705719591,87007.0,75110.0,3.0,0.0,162117.0
VAN SICLEN AVE,2306300397,2386563628,83528.0,74317.0,3.0,0.0,157845.0
80 ST,22004828739,1144599330,103507.0,53607.0,7.0,0.0,157114.0
6 AV,208286940209,205847529117,90998.0,65618.0,5.0,0.0,156616.0
25 ST,2619689487,3074463110,85024.0,70037.0,6.0,0.0,155061.0
163 ST-AMSTERDM,330908490931,113516972790,118754.0,33957.0,6.0,0.0,152711.0
LIVONIA AV,1960029759,1545649672,86379.0,65511.0,5.0,0.0,151890.0
BEVERLEY ROAD,2236683262,2372143028,79501.0,71542.0,3.0,0.0,151043.0
85 ST-FOREST PK,2991679895,2603774464,101047.0,49226.0,4.0,0.0,150273.0
104 ST,648753721897,532118484195,101526.0,48281.0,9.0,0.0,149807.0
BUHRE AV,773940498,378376723,76693.0,71899.0,6.0,0.0,148592.0
AVENUE H,10151630923,509946840,83288.0,64585.0,15.0,0.0,147873.0
39 AV,920471294,896606596,86813.0,57081.0,3.0,0.0,143894.0
NECK RD,18660171172,215232239,108660.0,29409.0,7.0,0.0,138069.0
CHAUNCEY ST,1564484976,638286925,94685.0,41717.0,3.0,0.0,136402.0
NEREID AV,1909282835,779119901,96475.0,36226.0,3.0,0.0,132701.0
ALABAMA AV,1448308689,1554018230,68585.0,63686.0,3.0,0.0,132271.0
SENECA AVE,897903394,995753136,66798.0,65010.0,4.0,0.0,131808.0
BEVERLY RD,27245528276,81408428771,111987.0,19326.0,4.0,0.0,131313.0
219 ST,1684809980,1025905287,89747.0,41421.0,3.0,0.0,131168.0
OCEAN PKWY,22121653138,1812024533,84056.0,45712.0,7.0,0.0,129768.0
SHEPHERD AV,2904946708,2470444794,87459.0,42021.0,3.0,0.0,129480.0
BEACH 60 ST,21245780745,1649681008,64389.0,64625.0,5.0,0.0,129014.0
BEACH 67 ST,1617654046,1584263102,62764.0,65030.0,5.0,0.0,127794.0
RIT-ROOSEVELT,1321735679,77522238,122274.0,1634.0,6.0,0.0,123908.0
BURKE AV,1111838662,428691423,91018.0,32524.0,3.0,0.0,123542.0
RIT-MANHATTAN,487241870,5701342,120521.0,1569.0,4.0,0.0,122090.0
AVENUE N,24821892083,1550375556,80134.0,40603.0,7.0,0.0,120737.0
NEWARK C,364071800,47253528,110271.0,6719.0,17.0,0.0,116990.0
LIBERTY AV,1857416615,1071017015,78829.0,36168.0,3.0,0.0,114997.0
BOTANIC GARDEN,999391251,517244735,47715.0,63111.0,4.0,0.0,110826.0
HEWES ST,1563415606,594953429,72989.0,36461.0,3.0,0.0,109450.0
ZEREGA AV,9084947173,122610447,57807.0,51376.0,6.0,0.0,109183.0
BUSHWICK AV,789267816,720020657,64353.0,41193.0,3.0,0.0,105546.0
238 ST,3303704357,150812707,103135.0,2105.0,3.0,0.0,105240.0
BAYCHESTER AV,2322274753,213214198,93186.0,11768.0,3.0,0.0,104954.0
BEACH 25 ST,1176460799,1290976866,50571.0,53602.0,5.0,0.0,104173.0
BRONX PARK EAST,1211204454,590436538,74005.0,30102.0,3.0,0.0,104107.0
MORRIS PARK,1129981025,662612279,52450.0,51549.0,3.0,0.0,103999.0
88 ST,1546001382,1496778225,73865.0,28789.0,3.0,0.0,102654.0
AVENUE P,2809342994,2202206857,68992.0,32563.0,3.0,0.0,101555.0
W 8 ST-AQUARIUM,1848822893,2016141782,57918.0,43224.0,8.0,0.0,101142.0
JUNIUS ST,2183499866,1388232313,75047.0,23690.0,3.0,0.0,98737.0
BAY 50 ST,1671386140,1412790782,77857.0,20650.0,3.0,0.0,98507.0
75 AV,18665041012,214895142,86755.0,9402.0,8.0,0.0,96157.0
121 ST,1359791620,1118654696,63171.0,32243.0,5.0,0.0,95414.0
DITMAS AV,10425219687,3209625262,57703.0,35530.0,8.0,0.0,93233.0
WHITLOCK AV,37762292277,3574833320,46397.0,46712.0,6.0,0.0,93109.0
AVENUE I,1396046789,174766879805,53893.0,38414.0,4.0,0.0,92307.0
21 ST,990698805,1119539971,44005.0,47861.0,3.0,0.0,91866.0
MIDDLETOWN RD,1622620695,1075339671,45463.0,43987.0,6.0,0.0,89450.0
AQUEDUCT N.COND,788091251,943536491,28623.0,54385.0,5.0,0.0,83008.0
55 ST,1786100039,1375779315,53804.0,28979.0,3.0,0.0,82783.0
AVENUE X,2225267078,2057183487,61970.0,10634.0,3.0,0.0,72604.0
215 ST,1549118861,28970101652,46808.0,20469.0,4.0,0.0,67277.0
CYPRESS HILLS,1042484781,612012431,38588.0,23342.0,3.0,0.0,61930.0
AQUEDUCT RACETR,8826478378,2869717469,54392.0,5628.0,6.0,0.0,60020.0
E 143/ST MARY'S,797060712,917859014,26552.0,28519.0,6.0,0.0,55071.0
ATLANTIC AV,306403491,128148929,37772.0,14736.0,3.0,0.0,52508.0
NEPTUNE AV,1152532886,457044273,39529.0,12600.0,3.0,0.0,52129.0
BEACH 36 ST,681154529,671734095,25180.0,26420.0,5.0,0.0,51600.0
BEACH 90 ST,881632110,940157153,22644.0,19585.0,5.0,0.0,42229.0
ROCKAWAY PARK B,18191010950,1888619103,17681.0,20996.0,5.0,0.0,38677.0
BEACH 44 ST,428793025,553919218,17455.0,18138.0,5.0,0.0,35593.0
BEACH 98 ST,742242561,808825273,13641.0,13412.0,5.0,0.0,27053.0
TOMPKINSVILLE,1623645106,449621634,20194.0,0.0,7.0,0.0,20194.0
BEACH 105 ST,20753583003,282887612,6951.0,7437.0,5.0,0.0,14388.0
BROAD CHANNEL,307804923,105581711,7891.0,2298.0,3.0,0.0,10189.0
ORCHARD BEACH,75253817,4202353,13.0,13.0,5.0,0.0,26.0
